{"cameraMode":{"drawMode":0,"name":"Shaded","section":"Shading Mode"},"sceneLighting":true,"audioPlay":false,"sceneViewState":{"showFog":true,"showMaterialUpdate":false,"showSkybox":true,"showFlares":true,"showImageEffects":true,"showParticleSystems":true},"in2DMode":false,"pivot":{"x":2.522263288497925,"y":3.0082015991210939,"z":87.5819091796875},"rotation":{"x":0.4757808744907379,"y":0.0834047943353653,"z":-0.04772491008043289,"w":0.8748325705528259},"size":522.3875122070313,"orthographic":false}