{"cameraMode":{"drawMode":0,"name":"Shaded","section":"Shading Mode"},"sceneLighting":true,"audioPlay":false,"sceneViewState":{"showFog":true,"showMaterialUpdate":false,"showSkybox":true,"showFlares":true,"showImageEffects":true,"showParticleSystems":true},"in2DMode":false,"pivot":{"x":8.113213539123536,"y":-39.33082580566406,"z":62.88451385498047},"rotation":{"x":0.6733469367027283,"y":-0.0012042486341670156,"z":-0.0015110914828255773,"w":0.739944577217102},"size":214.60354614257813,"orthographic":false}