{"cameraMode":{"drawMode":0,"name":"Shaded","section":"Shading Mode"},"sceneLighting":true,"audioPlay":false,"sceneViewState":{"showFog":true,"showMaterialUpdate":false,"showSkybox":true,"showFlares":true,"showImageEffects":true,"showParticleSystems":true},"in2DMode":false,"pivot":{"x":1.488234043121338,"y":-75.75592041015625,"z":39.83349609375},"rotation":{"x":0.32427677512168887,"y":0.02981712855398655,"z":-0.012095745652914048,"w":0.9459449648857117},"size":319.8006591796875,"orthographic":false}