{"cameraMode":{"drawMode":0,"name":"Shaded","section":"Shading Mode"},"sceneLighting":true,"audioPlay":false,"sceneViewState":{"showFog":true,"showMaterialUpdate":false,"showSkybox":true,"showFlares":true,"showImageEffects":true,"showParticleSystems":true},"in2DMode":false,"pivot":{"x":-18.748579025268556,"y":-9.343498229980469,"z":74.27471923828125},"rotation":{"x":0.1963474154472351,"y":0.5078080296516419,"z":-0.12134299427270889,"w":0.8304929137229919},"size":155.28074645996095,"orthographic":false}