{"cameraMode":{"drawMode":0,"name":"Shaded","section":"Shading Mode"},"sceneLighting":false,"audioPlay":false,"sceneViewState":{"showFog":true,"showMaterialUpdate":false,"showSkybox":false,"showFlares":true,"showImageEffects":true,"showParticleSystems":true},"in2DMode":false,"pivot":{"x":-19.100000381469728,"y":1.2999999523162842,"z":13.699999809265137},"rotation":{"x":0.4252108931541443,"y":0.1912304013967514,"z":-0.09380815923213959,"w":0.8801647424697876},"size":2.8578836917877199,"orthographic":false}