{"cameraMode":{"drawMode":0,"name":"Shaded","section":"Shading Mode"},"sceneLighting":false,"audioPlay":false,"sceneViewState":{"showFog":true,"showMaterialUpdate":false,"showSkybox":false,"showFlares":true,"showImageEffects":true,"showParticleSystems":true},"in2DMode":false,"pivot":{"x":0.16385650634765626,"y":-1.5089402198791505,"z":-0.07363379001617432},"rotation":{"x":0.0003289855958428234,"y":-0.9998653531074524,"z":0.0033046011812984945,"w":0.02656289003789425},"size":6.124506950378418,"orthographic":false}