{"cameraMode":{"drawMode":0,"name":"Shaded","section":"Shading Mode"},"sceneLighting":true,"audioPlay":false,"sceneViewState":{"showFog":true,"showMaterialUpdate":false,"showSkybox":true,"showFlares":true,"showImageEffects":true,"showParticleSystems":true},"in2DMode":false,"pivot":{"x":18.86787986755371,"y":-9.21694564819336,"z":-31.605880737304689},"rotation":{"x":-0.2582487463951111,"y":-0.0318247526884079,"z":0.008529657498002053,"w":-0.9656882286071777},"size":123.37530517578125,"orthographic":false}