{"cameraMode":{"drawMode":0,"name":"Shaded","section":"Shading Mode"},"sceneLighting":true,"audioPlay":false,"sceneViewState":{"showFog":true,"showMaterialUpdate":false,"showSkybox":true,"showFlares":true,"showImageEffects":true,"showParticleSystems":true},"in2DMode":false,"pivot":{"x":10.218002319335938,"y":-48.51826477050781,"z":35.419776916503909},"rotation":{"x":0.48709267377853396,"y":0.4371228516101837,"z":-0.3101084232330322,"w":0.6901058554649353},"size":168.7807159423828,"orthographic":false}