{"cameraMode":{"drawMode":0,"name":"Shaded","section":"Shading Mode"},"sceneLighting":true,"audioPlay":false,"sceneViewState":{"showFog":true,"showMaterialUpdate":false,"showSkybox":true,"showFlares":true,"showImageEffects":true,"showParticleSystems":true},"in2DMode":false,"pivot":{"x":-2.9744601249694826,"y":-1.097294569015503,"z":4.5399980545043949},"rotation":{"x":0.13995374739170075,"y":0.8134967684745789,"z":-0.21889370679855348,"w":0.5204314589500427},"size":9.42871379852295,"orthographic":false}